PID,EventsOrdered.1,EventsOrdered.2,EventsOrdered.3,EventsOrdered.4,EventsOrdered.5,EventsOrdered.6,EventsOrdered.7,EventsOrdered.8,EventsOrdered.9,EventsOrdered.10
1301,1,2,4,10,9,5,6,7,8,3
1302,1,2,3,4,5,6,7,8,9,10
1303,10,2,3,4,7,6,5,1,8,9
1304,2,7,4,5,1,10,6,8,9,3
1305,4,2,10,8,3,5,6,9,1,7
1306,5,2,6,10,1,7,8,4,3,9
1307,10,3,1,2,9,7,5,6,4,8
1308,1,3,2,6,9,10,4,5,8,7
1309,1,2,3,4,5,6,7,8,9,10
1310,3,6,5,1,4,9,2,8,10,7
1311,1,2,3,6,4,5,7,8,9,10
1312,1,7,2,6,4,8,3,10,5,9
1313,9,7,4,5,3,10,8,6,1,2
1314,1,2,5,3,4,6,9,7,8,10
1315,1,8,7,2,9,3,4,5,10,6
1316,1,7,2,3,4,5,6,8,9,10
1317,10,8,3,9,4,5,7,2,1,6
1318,9,6,8,3,5,7,10,4,2,1
1319,5,3,1,4,6,8,7,9,10,2
1320,1,2,3,4,5,6,9,10,7,8
1322,1,2,6,4,7,8,3,5,9,10
1323,1,7,2,4,9,5,3,10,6,8
1324,6,7,10,9,8,2,5,4,3,1
1325,10,4,1,2,3,8,5,9,7,6
1326,1,2,7,8,5,6,4,9,10,3
1327,2,10,1,6,7,9,8,4,5,3
1328,10,1,9,2,3,6,5,7,8,4
1329,9,4,5,10,3,6,8,1,2,7
1330,8,6,4,9,1,3,7,5,2,10
1331,1,5,4,6,3,9,10,2,7,8
1332,4,9,7,2,3,8,10,5,1,6
1333,1,2,10,3,4,5,7,6,8,9
1334,1,2,7,4,3,5,6,9,8,10
1335,1,9,8,4,3,6,2,10,5,7
1336,1,2,3,9,4,5,6,7,8,10
1337,1,4,10,3,2,5,8,6,9,7
1338,1,2,6,4,10,3,7,5,8,9
1339,1,7,2,5,9,4,8,3,10,6
1340,2,5,1,8,7,4,3,9,10,6
1341,7,10,9,2,8,4,6,1,3,5
1342,9,2,4,3,10,8,5,6,7,1
1343,9,3,2,5,4,6,7,10,8,1
1345,1,2,3,5,4,6,7,8,9,10
1347,7,2,1,6,5,10,3,4,9,8
1348,1,7,2,4,10,3,9,5,6,8
1349,5,1,6,7,2,9,8,3,10,4
1351,5,1,10,2,7,6,4,3,8,9
1352,1,2,3,4,6,5,7,9,8,10
1353,10,1,2,3,4,5,6,7,8,9
1354,1,2,4,3,5,6,10,7,8,9
1356,1,2,3,4,5,6,8,9,7,10
1357,8,4,1,5,9,2,6,10,7,3
1358,1,2,3,8,7,4,5,9,6,10
